<?xml version="1.0" encoding="UTF-8"?>
<project-private xmlns="http://www.netbeans.org/ns/project-private/1">
    <editor-bookmarks xmlns="http://www.netbeans.org/ns/editor-bookmarks/2" lastBookmarkId="0"/>
    <open-files xmlns="http://www.netbeans.org/ns/projectui-open-files/2">
        <group>
            <file>file:/C:/Users/Diego/Desktop/IncomeFormWebApp01/web/actividadesMain.jsp</file>
            <file>file:/C:/Users/Diego/Desktop/IncomeFormWebApp01/src/java/com/actividadesformwebapp/servlets/ActividadesServlet.java</file>
            <file>file:/C:/Users/Diego/Desktop/IncomeFormWebApp01/src/java/com/actividadesformwebapp/objects/ActividadesObj.java</file>
            <file>file:/C:/Users/Diego/Desktop/IncomeFormWebApp01/web/index.html</file>
            <file>file:/C:/Users/Diego/Desktop/IncomeFormWebApp01/web/newactividades.jsp</file>
            <file>file:/C:/Users/Diego/Desktop/IncomeFormWebApp01/src/java/com/actividadesformwebapp/logic/ActividadesLogic.java</file>
            <file>file:/C:/Users/Diego/Desktop/IncomeFormWebApp01/web/actividadesMessage.jsp</file>
        </group>
    </open-files>
</project-private>
